Student,Problem,Correct
999999_問題1さん,#問題1-1のプログラム,True
999999_問題1さん,#問題1-2のプログラム,False
999999_問題1さん,#問題1-3のプログラム,False
999999_問題1さん,#問題1-4のプログラム,False
999999_問題1さん,#問題1-5のプログラム,True
999999_問題1さん,#問題1-6のプログラム,False
999999_問題1さん,#問題1-7のプログラム,False
999999_問題1さん,#問題1-8のプログラム,False
999999_問題1さん,#問題1-9のプログラム,False
999999_問題1さん,#問題1-10のプログラム,True
999999_問題1さん,#問題1-11のプログラム,False
999999_問題1さん,#問題1-12のプログラム,False
999999_問題1さん,#問題1-13のプログラム,True
999999_問題1さん,#問題1-14のプログラム,False
999999_問題1さん,#問題1-15のプログラム,False
999999_問題1さん,#問題1-16のプログラム,False
999999_問題1さん,#問題1-17のプログラム,False
999999_問題1さん,#問題1-18のプログラム,False
999999_問題1さん,#問題2-1のプログラム,True
999999_問題1さん,#問題2-2のプログラム,False
999999_問題1さん,#問題2-4のプログラム,False
999999_問題1さん,#問題2-5のプログラム,False
999999_問題1さん,#問題2-6のプログラム,False
999999_問題1さん,#問題2-7のプログラム,True
999999_問題1さん,#問題2-8のプログラム,False
999999_問題1さん,#問題2-9のプログラム,False
999999_問題1さん,#問題2-10のプログラム,True
999999_問題1さん,#問題2-11のプログラム,False
999999_問題1さん,#問題2-12のプログラム,False
999999_問題1さん,#問題2-13のプログラム,False
999999_問題1さん,#問題2－15のプログラム,False
999999_問題1さん,#問題2-17のプログラム７,False
999999_問題1さん,#問題3-1のプログラム,False
999999_問題1さん,#問題3-2のプログラム,False
999999_問題1さん,#問題3-3のプログラム,False
999999_問題1さん,#問題3-4のプログラム,False
999999_問題1さん,#問題3-5のプログラム,False
